code,name
SACT,ALCOCHETE
SAV,ALQUEVA
SAM,ALTO DE MIRA
SASJ,ALTO DE SÃO JOÃO
SAMM,ARMAMAR
SBL,BATALHA
SBA,BODIOSA
SCN,CANELAS
SCL,CARRAPATELO
SCG,CARREGADO
SCH,CARRICHE
SCVR,CARVOEIRA
SCC,CASTELO BRANCO
SCF,CHAFARIZ
SCT,CUSTÓIAS
SDVR,DIVOR
SED,ERMESINDE
SEJ,ESTARREJA
SET,ESTOI
SETM,ESTREMOZ
SER,ÉVORA
SFAF,FAFE
SFA,FERREIRA DO ALENTEJO
SFDA,FUNDÃO
SFR,FALAGUEIRA
SFN,FANHÕES
SFRA,FEIRA
SFF,FERNÃO FERRO
SFE,FERRO
SFRD,FRADES
SLGC,LAGOAÇA
SLV,LAVOS
SMCC,MACEDO DE CAVALEIROS
SMG,MOGADOURO
SMC,MOURISCA
SOR,OLEIROS
SOQ,OURIQUE
SPM,PALMELA
SPI,PARAIMO
SPDV,PEDRALVA
SPNL,PENELA
SPR,PEREIROS
SPN,POCINHO
SPB,POMBAL
SPO,PORTIMÃO
SPA,PORTO ALTO
SPLD,PRELADA
SRR,RECAREI
SRA,RIBA D'AVE
SRM,RIO MAIOR
SSV,SACAVÉM
SSR,SANTARÉM
SSS,SETE RIOS
SSM,SIDERURGIA DA MAIA
SSB,SETÚBAL
SSN,SINES
STBA,TÁBUA
STVR,TAVIRA
STFR,TRAFARIA
STR,TORRÃO
STJ,TRAJOUCE
STN,TUNES
SVG,VALDIGEM
SVPC,VALPAÇOS
SVM,VERMOIM
SVC,VILA CHÃ
SVI,VILA FRIA
SVNF,VILA NOVA DE FAMALICÃO
SVPA,VILA POUCA DE AGUIAR
SZBJ,ZAMBUJAL
SZR,ZÊZERE
