changed_at_utc,entity_type,entity_id,published_name,field,before_json,after_json,evidence_status,source_url,reason,source_line_id,key_length_km,key_from_bus,key_to_bus,generator_source_id,transformer_source_id
2026-09-17T11:34:39.531906+00:00,line,LINE:000865,0606L5135600,max_i_ka_and_parallel,"{""max_i_ka"": 0.2392, ""parallel"": 1}","{""max_i_ka"": 0.285, ""parallel"": 1}",DIRECT_PDIRD_MINIMUM_WINTER_NOMINAL_CURRENT,https://www.e-redes.pt/sites/eredes/files/2022-07/PDIRD-E%202020%20proposta%20final.pdf,Published 2025 winter bottleneck current.,EREDES:3412309:0:60,0.4218945397222818,BUS:JUNCTION:60:01079,BUS:EREDES:0606P5020600:60,,
2026-09-17T11:34:39.531928+00:00,line,LINE:002609,0606L5135600,max_i_ka_and_parallel,"{""max_i_ka"": 0.2392, ""parallel"": 1}","{""max_i_ka"": 0.285, ""parallel"": 1}",DIRECT_PDIRD_MINIMUM_WINTER_NOMINAL_CURRENT,https://www.e-redes.pt/sites/eredes/files/2022-07/PDIRD-E%202020%20proposta%20final.pdf,Published 2025 winter bottleneck current.,EREDES:405386526:0:60,20.628742126680105,BUS:EREDES:0612S5003700:60,BUS:JUNCTION:60:02549,,
2026-09-17T11:34:39.531935+00:00,line,LINE:002610,0606L5135600,max_i_ka_and_parallel,"{""max_i_ka"": 0.2392, ""parallel"": 1}","{""max_i_ka"": 0.285, ""parallel"": 1}",DIRECT_PDIRD_MINIMUM_WINTER_NOMINAL_CURRENT,https://www.e-redes.pt/sites/eredes/files/2022-07/PDIRD-E%202020%20proposta%20final.pdf,Published 2025 winter bottleneck current.,EREDES:405386526:0:60,0.734291111138146,BUS:JUNCTION:60:02549,BUS:JUNCTION:60:01079,,
2026-09-17T11:34:39.533444+00:00,line,LINE:003662,0705L5606800,max_i_ka_and_parallel,"{""max_i_ka"": 0.30015, ""parallel"": 1}","{""max_i_ka"": 0.362, ""parallel"": 1}",DIRECT_PDIRD_MINIMUM_WINTER_NOMINAL_CURRENT,https://www.e-redes.pt/sites/eredes/files/2022-07/PDIRD-E%202020%20proposta%20final.pdf,Published 2025 winter nominal current.,EREDES:2865025:0:60,4.822129654690237,BUS:JUNCTION:60:03040,BUS:EREDES:0705S5042000:60,,
2026-09-17T11:34:39.533464+00:00,line,LINE:004763,0705L5606800,max_i_ka_and_parallel,"{""max_i_ka"": 0.30015, ""parallel"": 1}","{""max_i_ka"": 0.362, ""parallel"": 1}",DIRECT_PDIRD_MINIMUM_WINTER_NOMINAL_CURRENT,https://www.e-redes.pt/sites/eredes/files/2022-07/PDIRD-E%202020%20proposta%20final.pdf,Published 2025 winter nominal current.,EREDES:1770775518:0:60,0.9066589617513432,BUS:EREDES:0705S5042200:60,BUS:JUNCTION:60:02785,,
2026-09-17T11:34:39.533470+00:00,line,LINE:004766,0705L5606800,max_i_ka_and_parallel,"{""max_i_ka"": 0.30015, ""parallel"": 1}","{""max_i_ka"": 0.362, ""parallel"": 1}",DIRECT_PDIRD_MINIMUM_WINTER_NOMINAL_CURRENT,https://www.e-redes.pt/sites/eredes/files/2022-07/PDIRD-E%202020%20proposta%20final.pdf,Published 2025 winter nominal current.,EREDES:1834584496:0:60,0.2479474757987584,BUS:JUNCTION:60:02785,BUS:JUNCTION:60:03040,,
2026-09-17T11:34:39.534663+00:00,line,LINE:000381,0109L5114200,max_i_ka_and_parallel,"{""max_i_ka"": 0.37835, ""parallel"": 1}","{""max_i_ka"": 0.46, ""parallel"": 1}",DIRECT_PDIRD_MINIMUM_WINTER_NOMINAL_CURRENT,https://www.e-redes.pt/sites/eredes/files/2022-07/PDIRD-E%202020%20proposta%20final.pdf,Published 2025 winter bottleneck current.,EREDES:1017651450:0:60,0.4895607612174884,BUS:JUNCTION:60:00454,BUS:EREDES:0107S5002500:60,,
2026-09-17T11:34:39.534670+00:00,line,LINE:000382,0109L5114200,max_i_ka_and_parallel,"{""max_i_ka"": 0.37835, ""parallel"": 1}","{""max_i_ka"": 0.46, ""parallel"": 1}",DIRECT_PDIRD_MINIMUM_WINTER_NOMINAL_CURRENT,https://www.e-redes.pt/sites/eredes/files/2022-07/PDIRD-E%202020%20proposta%20final.pdf,Published 2025 winter bottleneck current.,EREDES:1017651776:0:60,1.9669158424930635,BUS:JUNCTION:60:00456,BUS:JUNCTION:60:00454,,
2026-09-17T11:34:39.534674+00:00,line,LINE:003326,0109L5114200,max_i_ka_and_parallel,"{""max_i_ka"": 0.37835, ""parallel"": 1}","{""max_i_ka"": 0.46, ""parallel"": 1}",DIRECT_PDIRD_MINIMUM_WINTER_NOMINAL_CURRENT,https://www.e-redes.pt/sites/eredes/files/2022-07/PDIRD-E%202020%20proposta%20final.pdf,Published 2025 winter bottleneck current.,EREDES:7820430:0:60,0.5311184750524235,BUS:EREDES:0109S5020900:60,BUS:JUNCTION:60:02894,,
2026-09-17T11:34:39.534678+00:00,line,LINE:004027,0109L5114200,max_i_ka_and_parallel,"{""max_i_ka"": 0.37835, ""parallel"": 1}","{""max_i_ka"": 0.46, ""parallel"": 1}",DIRECT_PDIRD_MINIMUM_WINTER_NOMINAL_CURRENT,https://www.e-redes.pt/sites/eredes/files/2022-07/PDIRD-E%202020%20proposta%20final.pdf,Published 2025 winter bottleneck current.,EREDES:7820430:0:60,0.2065924313711738,BUS:JUNCTION:60:02894,BUS:JUNCTION:60:00456,,
2026-09-17T11:34:39.536168+00:00,line,LINE:000393,1316L5108501,max_i_ka_and_parallel,"{""max_i_ka"": 0.6969, ""parallel"": 1}","{""max_i_ka"": 1.089, ""parallel"": 1}",DIRECT_PUBLIC_CORRIDOR_WINTER_NOMINAL_CURRENT,https://www.e-redes.pt/sites/eredes/files/2022-07/PDIRD-E%202020%20proposta%20final.pdf,Exact route-length match; published 2025 winter bottleneck replaces the engineering proxy.,EREDES:1345693201:0:60,0.1094249750612662,BUS:JUNCTION:60:00469,BUS:JUNCTION:60:00470,,
2026-09-17T11:34:39.536178+00:00,line,LINE:000425,1316L5108501,max_i_ka_and_parallel,"{""max_i_ka"": 0.6969, ""parallel"": 1}","{""max_i_ka"": 1.089, ""parallel"": 1}",DIRECT_PUBLIC_CORRIDOR_WINTER_NOMINAL_CURRENT,https://www.e-redes.pt/sites/eredes/files/2022-07/PDIRD-E%202020%20proposta%20final.pdf,Exact route-length match; published 2025 winter bottleneck replaces the engineering proxy.,EREDES:1472073036:0:60,0.8126415584812214,BUS:JUNCTION:60:00509,BUS:JUNCTION:60:00510,,
2026-09-17T11:34:39.536182+00:00,line,LINE:000426,1316L5108501,max_i_ka_and_parallel,"{""max_i_ka"": 0.6969, ""parallel"": 1}","{""max_i_ka"": 1.089, ""parallel"": 1}",DIRECT_PUBLIC_CORRIDOR_WINTER_NOMINAL_CURRENT,https://www.e-redes.pt/sites/eredes/files/2022-07/PDIRD-E%202020%20proposta%20final.pdf,Exact route-length match; published 2025 winter bottleneck replaces the engineering proxy.,EREDES:1472073036:1:60,0.4347067081672648,BUS:JUNCTION:60:00511,BUS:JUNCTION:60:00512,,
2026-09-17T11:34:39.536186+00:00,line,LINE:000642,1316L5108501,max_i_ka_and_parallel,"{""max_i_ka"": 0.6969, ""parallel"": 1}","{""max_i_ka"": 1.089, ""parallel"": 1}",DIRECT_PUBLIC_CORRIDOR_WINTER_NOMINAL_CURRENT,https://www.e-redes.pt/sites/eredes/files/2022-07/PDIRD-E%202020%20proposta%20final.pdf,Exact route-length match; published 2025 winter bottleneck replaces the engineering proxy.,EREDES:3243480278:0:60,0.0899435192325673,BUS:JUNCTION:60:00804,BUS:JUNCTION:60:00509,,
2026-09-17T11:34:39.536189+00:00,line,LINE:002999,1316L5108501,max_i_ka_and_parallel,"{""max_i_ka"": 0.6969, ""parallel"": 1}","{""max_i_ka"": 1.089, ""parallel"": 1}",DIRECT_PUBLIC_CORRIDOR_WINTER_NOMINAL_CURRENT,https://www.e-redes.pt/sites/eredes/files/2022-07/PDIRD-E%202020%20proposta%20final.pdf,Exact route-length match; published 2025 winter bottleneck replaces the engineering proxy.,EREDES:1345692832:0:60,1.4881305549273374,BUS:JUNCTION:60:02718,BUS:JUNCTION:60:00804,,
2026-09-17T11:34:39.536192+00:00,line,LINE:003129,1316L5108501,max_i_ka_and_parallel,"{""max_i_ka"": 0.6969, ""parallel"": 1}","{""max_i_ka"": 1.089, ""parallel"": 1}",DIRECT_PUBLIC_CORRIDOR_WINTER_NOMINAL_CURRENT,https://www.e-redes.pt/sites/eredes/files/2022-07/PDIRD-E%202020%20proposta%20final.pdf,Exact route-length match; published 2025 winter bottleneck replaces the engineering proxy.,EREDES:1472073036:0:60,0.6422718074263317,BUS:JUNCTION:60:00510,BUS:JUNCTION:60:00511,,
2026-09-17T11:34:39.536195+00:00,line,LINE:003130,1316L5108501,max_i_ka_and_parallel,"{""max_i_ka"": 0.6969, ""parallel"": 1}","{""max_i_ka"": 1.089, ""parallel"": 1}",DIRECT_PUBLIC_CORRIDOR_WINTER_NOMINAL_CURRENT,https://www.e-redes.pt/sites/eredes/files/2022-07/PDIRD-E%202020%20proposta%20final.pdf,Exact route-length match; published 2025 winter bottleneck replaces the engineering proxy.,EREDES:1472073036:1:60,1.9321290855072983,BUS:JUNCTION:60:00512,BUS:EREDES:1313S5010600:60,,
2026-09-17T11:34:39.536204+00:00,line,LINE:004635,1316L5108501,max_i_ka_and_parallel,"{""max_i_ka"": 0.6969, ""parallel"": 1}","{""max_i_ka"": 1.089, ""parallel"": 1}",DIRECT_PUBLIC_CORRIDOR_WINTER_NOMINAL_CURRENT,https://www.e-redes.pt/sites/eredes/files/2022-07/PDIRD-E%202020%20proposta%20final.pdf,Exact route-length match; published 2025 winter bottleneck replaces the engineering proxy.,EREDES:1345693201:0:60,7.330084508567316,BUS:JUNCTION:60:00470,BUS:JUNCTION:60:02718,,
2026-09-17T11:34:39.538353+00:00,line,LINE:000465,1602L5158100,max_i_ka_and_parallel,"{""max_i_ka"": 0.6969, ""parallel"": 1}","{""max_i_ka"": 0.544, ""parallel"": 2}",DIRECT_PUBLIC_TWO_CIRCUIT_WINTER_BOTTLENECK,https://www.e-redes.pt/sites/eredes/files/2022-07/PDIRD-E%202020%20proposta%20final.pdf,Public inventory lists two independently numbered circuits; map geometry is an aggregate route.,EREDES:1341321141:0:60,2.101564633316414,BUS:EREDES:1610S5025800:60,BUS:JUNCTION:60:00563,,
2026-09-17T11:34:39.538369+00:00,line,LINE:001242,1602L5158100,max_i_ka_and_parallel,"{""max_i_ka"": 0.6969, ""parallel"": 1}","{""max_i_ka"": 0.544, ""parallel"": 2}",DIRECT_PUBLIC_TWO_CIRCUIT_WINTER_BOTTLENECK,https://www.e-redes.pt/sites/eredes/files/2022-07/PDIRD-E%202020%20proposta%20final.pdf,Public inventory lists two independently numbered circuits; map geometry is an aggregate route.,EREDES:171684449:0:60,7.867390540301161,BUS:EREDES:1602P5020900:60,BUS:JUNCTION:60:01515,,
2026-09-17T11:34:39.538374+00:00,line,LINE:001714,1602L5158100,max_i_ka_and_parallel,"{""max_i_ka"": 0.6969, ""parallel"": 1}","{""max_i_ka"": 0.544, ""parallel"": 2}",DIRECT_PUBLIC_TWO_CIRCUIT_WINTER_BOTTLENECK,https://www.e-redes.pt/sites/eredes/files/2022-07/PDIRD-E%202020%20proposta%20final.pdf,Public inventory lists two independently numbered circuits; map geometry is an aggregate route.,EREDES:550901701:0:60,9.824143923946387,BUS:JUNCTION:60:01488,BUS:JUNCTION:60:01969,,
2026-09-17T11:34:39.538378+00:00,line,LINE:002230,1602L5158100,max_i_ka_and_parallel,"{""max_i_ka"": 0.6969, ""parallel"": 1}","{""max_i_ka"": 0.544, ""parallel"": 2}",DIRECT_PUBLIC_TWO_CIRCUIT_WINTER_BOTTLENECK,https://www.e-redes.pt/sites/eredes/files/2022-07/PDIRD-E%202020%20proposta%20final.pdf,Public inventory lists two independently numbered circuits; map geometry is an aggregate route.,EREDES:171684449:0:60,0.1325785815506938,BUS:JUNCTION:60:01515,BUS:JUNCTION:60:01488,,
2026-09-17T11:34:39.538381+00:00,line,LINE:003036,1602L5158100,max_i_ka_and_parallel,"{""max_i_ka"": 0.6969, ""parallel"": 1}","{""max_i_ka"": 0.544, ""parallel"": 2}",DIRECT_PUBLIC_TWO_CIRCUIT_WINTER_BOTTLENECK,https://www.e-redes.pt/sites/eredes/files/2022-07/PDIRD-E%202020%20proposta%20final.pdf,Public inventory lists two independently numbered circuits; map geometry is an aggregate route.,EREDES:1341321141:0:60,0.3146843562028981,BUS:JUNCTION:60:00563,BUS:JUNCTION:60:02557,,
2026-09-17T11:34:39.538384+00:00,line,LINE:005603,1602L5158100,max_i_ka_and_parallel,"{""max_i_ka"": 0.6969, ""parallel"": 1}","{""max_i_ka"": 0.544, ""parallel"": 2}",DIRECT_PUBLIC_TWO_CIRCUIT_WINTER_BOTTLENECK,https://www.e-redes.pt/sites/eredes/files/2022-07/PDIRD-E%202020%20proposta%20final.pdf,Public inventory lists two independently numbered circuits; map geometry is an aggregate route.,EREDES:550901701:0:60,0.5911355679570012,BUS:JUNCTION:60:01969,BUS:JUNCTION:60:02557,,
2026-09-17T11:34:39.539670+00:00,transformer,TRAFO:00209,RARI:Estoi,lv_bus_sn_mva_parallel,"{""lv_bus"": ""BUS:EREDES:0810S5063600:60"", ""sn_mva"": 170.0, ""parallel"": ""1""}","{""lv_bus"": ""BUS:JUNCTION:60:00059"", ""sn_mva"": 126.0, ""parallel"": 3}",PUBLIC_PDIRT_2025_PLANNED_INVENTORY_WITH_COLOCATED_60KV_ENDPOINT,https://www.erse.pt/media/b1edmm30/proposta_pdirt_e_2015_anexos.pdf,"Synchronize the evidence-backed Estoi voltage-side, unit rating and three-unit inventory used by the solved model.",,,,,,RARI:Estoi
2026-09-17T11:34:39.541374+00:00,generator,GEN:00581,FRADES_II_400KV,bus_id,"{""bus_id"": ""BUS:OSM:way:151077578:150""}","{""bus_id"": ""BUS:OSM:relation:19040600:400""}",PUBLIC_EVIDENCE_FRADES_I_150KV_FRADES_II_400KV_SPLIT,https://siaia.apambiente.pt/AIADOC/AIA2642/02_rel_sintese2019415132343.pdf,Move the two 390 MW Frades II units to their documented 400 kV connection; retain the two 97 MW Frades I units at 150 kV.,,,,,OSM:node:12188389776,
2026-09-17T11:34:39.541386+00:00,generator,GEN:00582,FRADES_II_400KV,bus_id,"{""bus_id"": ""BUS:OSM:way:151077578:150""}","{""bus_id"": ""BUS:OSM:relation:19040600:400""}",PUBLIC_EVIDENCE_FRADES_I_150KV_FRADES_II_400KV_SPLIT,https://siaia.apambiente.pt/AIADOC/AIA2642/02_rel_sintese2019415132343.pdf,Move the two 390 MW Frades II units to their documented 400 kV connection; retain the two 97 MW Frades I units at 150 kV.,,,,,OSM:node:12188389777,
2026-09-17T11:34:39.541903+00:00,generator,GEN:00133,SABUGUEIRO_HIERARCHY,hierarchy_dedup_status,"{""hierarchy_dedup_status"": ""RETAINED_DISPATCH_OBJECT""}","{""hierarchy_dedup_status"": ""EXCLUDED_CHILD_OF_OSM_WAY_252112757""}",OSM_PARENT_CHILD_HIERARCHY_DEDUPLICATION,https://www.openstreetmap.org/way/252112757,The 10 MW child feature is already included in the 22.5 MW Sabugueiro I & II parent plant.,,,,,OSM:node:13131982644,
2026-09-17T11:34:39.543264+00:00,station_busbar,LINE:006138,RIO_MAIOR_STATION_BUSBARS,asset_type,"{""asset_type"": ""overhead"", ""parameter_status"": ""VOLTAGE_CLASS_ENGINEERING_PROXY""}","{""asset_type"": ""busbar"", ""parameter_status"": ""OSM_STATION_BUSBAR_CONNECTOR""}",DIRECT_OSM_LINE_EQUALS_BUSBAR_TAG,https://www.openstreetmap.org/way/335907745,Keep as an in-service station connector but exclude it from line-contingency and thermal-rating screens.,OSM:way:335907745:220:3,0.3163830672190921,BUS:OSM:way:131715746:220,BUS:JUNCTION:220:03572,,
2026-09-17T11:34:39.543275+00:00,station_busbar,LINE:006151,RIO_MAIOR_STATION_BUSBARS,asset_type,"{""asset_type"": ""overhead"", ""parameter_status"": ""VOLTAGE_CLASS_ENGINEERING_PROXY""}","{""asset_type"": ""busbar"", ""parameter_status"": ""OSM_STATION_BUSBAR_CONNECTOR""}",DIRECT_OSM_LINE_EQUALS_BUSBAR_TAG,https://www.openstreetmap.org/way/335907746,Keep as an in-service station connector but exclude it from line-contingency and thermal-rating screens.,OSM:way:335907746:220:3,0.3163830727100623,BUS:OSM:way:131715746:220,BUS:JUNCTION:220:03572,,
2026-09-17T12:02:54.670525+00:00,line,LINE:002582,1610L5158200,max_i_ka_and_parallel,"{""max_i_ka"": 0.6969, ""parallel"": 1}","{""max_i_ka"": 0.544, ""parallel"": 1}",DIRECT_PUBLIC_SERIES_SECTION_WINTER_BOTTLENECK,https://www.e-redes.pt/sites/eredes/files/2022-07/PDIRD-E%202020%20proposta%20final.pdf,"The public inventory lists two conductor sections in series (2.32 km AA325 and 7.82 km AA235), not two parallel circuits; 544 A is the winter bottleneck.",EREDES:550901682:0:60,2.106785386596321,BUS:EREDES:1610S5025800:60,BUS:JUNCTION:60:00563,,
2026-09-17T12:02:54.670535+00:00,line,LINE:002617,1610L5158200,max_i_ka_and_parallel,"{""max_i_ka"": 0.6969, ""parallel"": 1}","{""max_i_ka"": 0.544, ""parallel"": 1}",DIRECT_PUBLIC_SERIES_SECTION_WINTER_BOTTLENECK,https://www.e-redes.pt/sites/eredes/files/2022-07/PDIRD-E%202020%20proposta%20final.pdf,"The public inventory lists two conductor sections in series (2.32 km AA325 and 7.82 km AA235), not two parallel circuits; 544 A is the winter bottleneck.",EREDES:550901682:0:60,0.3154985705930874,BUS:JUNCTION:60:00563,BUS:JUNCTION:60:02557,,
2026-09-17T12:02:54.670539+00:00,line,LINE:004132,1610L5158200,max_i_ka_and_parallel,"{""max_i_ka"": 0.6969, ""parallel"": 1}","{""max_i_ka"": 0.544, ""parallel"": 1}",DIRECT_PUBLIC_SERIES_SECTION_WINTER_BOTTLENECK,https://www.e-redes.pt/sites/eredes/files/2022-07/PDIRD-E%202020%20proposta%20final.pdf,"The public inventory lists two conductor sections in series (2.32 km AA325 and 7.82 km AA235), not two parallel circuits; 544 A is the winter bottleneck.",EREDES:7819572:0:60,8.36492137737629,BUS:EREDES:1608S5006800:60,BUS:JUNCTION:60:02557,,
2026-09-17T12:02:54.677611+00:00,line_topology,LINE:003195,LN60_1484_LANHESES_PI_CONNECTION,from_bus_and_to_bus,"{""from_bus"": ""BUS:EREDES:1607S5006400:60"", ""to_bus"": ""BUS:JUNCTION:60:02655""}","{""from_bus"": ""BUS:EREDES:1607S5006400:60"", ""to_bus"": ""BUS:JUNCTION:60:02655:PI_FEITOSA""}",PUBLIC_PDIRD_LANHESES_PI_TOPOLOGY,https://www.e-redes.pt/sites/eredes/files/2022-07/PDIRD-E%202020%20proposta%20final.pdf,Separate the Feitosa-side PI leg from the Deocriste-side cut point instead of collapsing both close endpoints into a T connection.,EREDES:1963160931:0:60,6.271413854983179,BUS:EREDES:1607S5006400:60,BUS:JUNCTION:60:02655,,
2026-09-17T12:02:54.677880+00:00,line_topology,LINE:004799,LN60_1484_LANHESES_PI_CONNECTION,from_bus_and_to_bus,"{""from_bus"": ""BUS:EREDES:1609S5025600:60"", ""to_bus"": ""BUS:JUNCTION:60:00479""}","{""from_bus"": ""BUS:EREDES:1609S5025600:60"", ""to_bus"": ""BUS:JUNCTION:60:00479:PI_FEITOSA""}",PUBLIC_PDIRD_LANHESES_PI_TOPOLOGY,https://www.e-redes.pt/sites/eredes/files/2022-07/PDIRD-E%202020%20proposta%20final.pdf,Separate the Feitosa-side PI leg from the Deocriste-side cut point instead of collapsing both close endpoints into a T connection.,EREDES:1963161167:0:60,1.4513098570756366,BUS:EREDES:1609S5025600:60,BUS:JUNCTION:60:00479,,
2026-09-17T12:02:54.678113+00:00,line_topology,LINE:004800,LN60_1484_LANHESES_PI_CONNECTION,from_bus_and_to_bus,"{""from_bus"": ""BUS:JUNCTION:60:00480"", ""to_bus"": ""BUS:JUNCTION:60:00481""}","{""from_bus"": ""BUS:JUNCTION:60:00480:PI_FEITOSA"", ""to_bus"": ""BUS:JUNCTION:60:00481:PI_FEITOSA""}",PUBLIC_PDIRD_LANHESES_PI_TOPOLOGY,https://www.e-redes.pt/sites/eredes/files/2022-07/PDIRD-E%202020%20proposta%20final.pdf,Separate the Feitosa-side PI leg from the Deocriste-side cut point instead of collapsing both close endpoints into a T connection.,EREDES:1963161167:1:60,0.1511563313998481,BUS:JUNCTION:60:00480,BUS:JUNCTION:60:00481,,
2026-09-17T12:02:54.678326+00:00,line_topology,LINE:004820,LN60_1484_LANHESES_PI_CONNECTION,from_bus_and_to_bus,"{""from_bus"": ""BUS:JUNCTION:60:00479"", ""to_bus"": ""BUS:JUNCTION:60:00480""}","{""from_bus"": ""BUS:JUNCTION:60:00479:PI_FEITOSA"", ""to_bus"": ""BUS:JUNCTION:60:00480:PI_FEITOSA""}",PUBLIC_PDIRD_LANHESES_PI_TOPOLOGY,https://www.e-redes.pt/sites/eredes/files/2022-07/PDIRD-E%202020%20proposta%20final.pdf,Separate the Feitosa-side PI leg from the Deocriste-side cut point instead of collapsing both close endpoints into a T connection.,EREDES:1963161167:0:60,0.1186305556673084,BUS:JUNCTION:60:00479,BUS:JUNCTION:60:00480,,
2026-09-17T12:02:54.678534+00:00,line_topology,LINE:004821,LN60_1484_LANHESES_PI_CONNECTION,from_bus_and_to_bus,"{""from_bus"": ""BUS:JUNCTION:60:00481"", ""to_bus"": ""BUS:JUNCTION:60:02655""}","{""from_bus"": ""BUS:JUNCTION:60:00481:PI_FEITOSA"", ""to_bus"": ""BUS:JUNCTION:60:02655:PI_FEITOSA""}",PUBLIC_PDIRD_LANHESES_PI_TOPOLOGY,https://www.e-redes.pt/sites/eredes/files/2022-07/PDIRD-E%202020%20proposta%20final.pdf,Separate the Feitosa-side PI leg from the Deocriste-side cut point instead of collapsing both close endpoints into a T connection.,EREDES:1963161167:1:60,1.5419189458136644,BUS:JUNCTION:60:00481,BUS:JUNCTION:60:02655,,
2026-09-17T12:49:11.419906+00:00,line_electrical_length,LINE:000399,LN60_DEOCRISTE_LANHESES,length_km,"{""length_km"": 1.4521685323639308}","{""length_km"": 1.083239828506066}",PUBLIC_PDIRD_SECTION_TOTAL_LENGTH_PROPORTIONAL_ALLOCATION,https://www.e-redes.pt/sites/eredes/files/2022-07/PDIRD-E%202020%20proposta%20final.pdf,Normalize the modeled serial fragments to the published 6.75 km total for LN60 PC DEOCRISTE-LANHESES; retain each fragment's share of the mapped geometry.,EREDES:1508598979:0:60,1.4521685323639308,BUS:EREDES:1609S5025600:60,BUS:JUNCTION:60:00479,,
2026-09-17T12:49:11.419916+00:00,line_electrical_length,LINE:000400,LN60_DEOCRISTE_LANHESES,length_km,"{""length_km"": 0.172022617201508}","{""length_km"": 0.12831964486462696}",PUBLIC_PDIRD_SECTION_TOTAL_LENGTH_PROPORTIONAL_ALLOCATION,https://www.e-redes.pt/sites/eredes/files/2022-07/PDIRD-E%202020%20proposta%20final.pdf,Normalize the modeled serial fragments to the published 6.75 km total for LN60 PC DEOCRISTE-LANHESES; retain each fragment's share of the mapped geometry.,EREDES:1508598979:1:60,0.172022617201508,BUS:JUNCTION:60:00480,BUS:JUNCTION:60:00481,,
2026-09-17T12:49:11.419920+00:00,line_electrical_length,LINE:002857,LN60_DEOCRISTE_LANHESES,length_km,"{""length_km"": 0.2497081259669639}","{""length_km"": 0.18626886722899744}",PUBLIC_PDIRD_SECTION_TOTAL_LENGTH_PROPORTIONAL_ALLOCATION,https://www.e-redes.pt/sites/eredes/files/2022-07/PDIRD-E%202020%20proposta%20final.pdf,Normalize the modeled serial fragments to the published 6.75 km total for LN60 PC DEOCRISTE-LANHESES; retain each fragment's share of the mapped geometry.,EREDES:843441419:0:60,0.2497081259669639,BUS:JUNCTION:60:02647,BUS:EREDES:1609P5024200:60,,
2026-09-17T12:49:11.419924+00:00,line_electrical_length,LINE:002858,LN60_DEOCRISTE_LANHESES,length_km,"{""length_km"": 4.981807539363823}","{""length_km"": 3.716161192259101}",PUBLIC_PDIRD_SECTION_TOTAL_LENGTH_PROPORTIONAL_ALLOCATION,https://www.e-redes.pt/sites/eredes/files/2022-07/PDIRD-E%202020%20proposta%20final.pdf,Normalize the modeled serial fragments to the published 6.75 km total for LN60 PC DEOCRISTE-LANHESES; retain each fragment's share of the mapped geometry.,EREDES:843441476:0:60,4.981807539363823,BUS:JUNCTION:60:02647,BUS:JUNCTION:60:02648,,
2026-09-17T12:49:11.419927+00:00,line_electrical_length,LINE:002879,LN60_DEOCRISTE_LANHESES,length_km,"{""length_km"": 0.5608788763912306}","{""length_km"": 0.41838555534988564}",PUBLIC_PDIRD_SECTION_TOTAL_LENGTH_PROPORTIONAL_ALLOCATION,https://www.e-redes.pt/sites/eredes/files/2022-07/PDIRD-E%202020%20proposta%20final.pdf,Normalize the modeled serial fragments to the published 6.75 km total for LN60 PC DEOCRISTE-LANHESES; retain each fragment's share of the mapped geometry.,EREDES:843441476:0:60,0.5608788763912306,BUS:JUNCTION:60:02648,BUS:JUNCTION:60:02655,,
2026-09-17T12:49:11.419930+00:00,line_electrical_length,LINE:004723,LN60_DEOCRISTE_LANHESES,length_km,"{""length_km"": 0.1037498171974428}","{""length_km"": 0.07739179832353534}",PUBLIC_PDIRD_SECTION_TOTAL_LENGTH_PROPORTIONAL_ALLOCATION,https://www.e-redes.pt/sites/eredes/files/2022-07/PDIRD-E%202020%20proposta%20final.pdf,Normalize the modeled serial fragments to the published 6.75 km total for LN60 PC DEOCRISTE-LANHESES; retain each fragment's share of the mapped geometry.,EREDES:1508598979:0:60,0.1037498171974428,BUS:JUNCTION:60:00479,BUS:JUNCTION:60:00480,,
2026-09-17T12:49:11.419933+00:00,line_electrical_length,LINE:004724,LN60_DEOCRISTE_LANHESES,length_km,"{""length_km"": 1.5285725315518162}","{""length_km"": 1.1402331134677874}",PUBLIC_PDIRD_SECTION_TOTAL_LENGTH_PROPORTIONAL_ALLOCATION,https://www.e-redes.pt/sites/eredes/files/2022-07/PDIRD-E%202020%20proposta%20final.pdf,Normalize the modeled serial fragments to the published 6.75 km total for LN60 PC DEOCRISTE-LANHESES; retain each fragment's share of the mapped geometry.,EREDES:1508598979:1:60,1.5285725315518162,BUS:JUNCTION:60:00481,BUS:JUNCTION:60:02655,,
2026-09-17T12:49:11.420789+00:00,line_electrical_length,LINE:003195,LN60_LANHESES_FEITOSA,length_km,"{""length_km"": 6.271413854983179}","{""length_km"": 8.254950493793512}",PUBLIC_PDIRD_SECTION_TOTAL_LENGTH_PROPORTIONAL_ALLOCATION,https://www.e-redes.pt/sites/eredes/files/2022-07/PDIRD-E%202020%20proposta%20final.pdf,Normalize the modeled serial fragments to the published 12.55 km total for LN60 LANHESES-FEITOSA; retain each fragment's share of the mapped geometry.,EREDES:1963160931:0:60,6.271413854983179,BUS:EREDES:1607S5006400:60,BUS:JUNCTION:60:02655,,
2026-09-17T12:49:11.420794+00:00,line_electrical_length,LINE:004799,LN60_LANHESES_FEITOSA,length_km,"{""length_km"": 1.4513098570756366}","{""length_km"": 1.9103333472075654}",PUBLIC_PDIRD_SECTION_TOTAL_LENGTH_PROPORTIONAL_ALLOCATION,https://www.e-redes.pt/sites/eredes/files/2022-07/PDIRD-E%202020%20proposta%20final.pdf,Normalize the modeled serial fragments to the published 12.55 km total for LN60 LANHESES-FEITOSA; retain each fragment's share of the mapped geometry.,EREDES:1963161167:0:60,1.4513098570756366,BUS:EREDES:1609S5025600:60,BUS:JUNCTION:60:00479,,
2026-09-17T12:49:11.420798+00:00,line_electrical_length,LINE:004800,LN60_LANHESES_FEITOSA,length_km,"{""length_km"": 0.1511563313998481}","{""length_km"": 0.19896439006934882}",PUBLIC_PDIRD_SECTION_TOTAL_LENGTH_PROPORTIONAL_ALLOCATION,https://www.e-redes.pt/sites/eredes/files/2022-07/PDIRD-E%202020%20proposta%20final.pdf,Normalize the modeled serial fragments to the published 12.55 km total for LN60 LANHESES-FEITOSA; retain each fragment's share of the mapped geometry.,EREDES:1963161167:1:60,0.1511563313998481,BUS:JUNCTION:60:00480,BUS:JUNCTION:60:00481,,
2026-09-17T12:49:11.420801+00:00,line_electrical_length,LINE:004820,LN60_LANHESES_FEITOSA,length_km,"{""length_km"": 0.1186305556673084}","{""length_km"": 0.15615129008057987}",PUBLIC_PDIRD_SECTION_TOTAL_LENGTH_PROPORTIONAL_ALLOCATION,https://www.e-redes.pt/sites/eredes/files/2022-07/PDIRD-E%202020%20proposta%20final.pdf,Normalize the modeled serial fragments to the published 12.55 km total for LN60 LANHESES-FEITOSA; retain each fragment's share of the mapped geometry.,EREDES:1963161167:0:60,0.1186305556673084,BUS:JUNCTION:60:00479,BUS:JUNCTION:60:00480,,
2026-09-17T12:49:11.420804+00:00,line_electrical_length,LINE:004821,LN60_LANHESES_FEITOSA,length_km,"{""length_km"": 1.5419189458136644}","{""length_km"": 2.0296004788489945}",PUBLIC_PDIRD_SECTION_TOTAL_LENGTH_PROPORTIONAL_ALLOCATION,https://www.e-redes.pt/sites/eredes/files/2022-07/PDIRD-E%202020%20proposta%20final.pdf,Normalize the modeled serial fragments to the published 12.55 km total for LN60 LANHESES-FEITOSA; retain each fragment's share of the mapped geometry.,EREDES:1963161167:1:60,1.5419189458136644,BUS:JUNCTION:60:00481,BUS:JUNCTION:60:02655,,
2026-09-17T12:49:11.421779+00:00,line_electrical_length,LINE:002582,1610L5158200,length_km,"{""length_km"": 2.1067853865963215}","{""length_km"": 1.9803835337808358}",PUBLIC_PDIRD_SECTION_TOTAL_LENGTH_PROPORTIONAL_ALLOCATION,https://www.e-redes.pt/sites/eredes/files/2022-07/PDIRD-E%202020%20proposta%20final.pdf,Normalize the modeled serial fragments to the published 10.14 km total for LN60 VILA NOVA CERVEIRA-VALENCA; retain each fragment's share of the mapped geometry.,EREDES:550901682:0:60,2.1067853865963215,BUS:EREDES:1610S5025800:60,BUS:JUNCTION:60:00563,,
2026-09-17T12:49:11.421785+00:00,line_electrical_length,LINE:002617,1610L5158200,length_km,"{""length_km"": 0.3154985705930874}","{""length_km"": 0.2965694456156106}",PUBLIC_PDIRD_SECTION_TOTAL_LENGTH_PROPORTIONAL_ALLOCATION,https://www.e-redes.pt/sites/eredes/files/2022-07/PDIRD-E%202020%20proposta%20final.pdf,Normalize the modeled serial fragments to the published 10.14 km total for LN60 VILA NOVA CERVEIRA-VALENCA; retain each fragment's share of the mapped geometry.,EREDES:550901682:0:60,0.3154985705930874,BUS:JUNCTION:60:00563,BUS:JUNCTION:60:02557,,
2026-09-17T12:49:11.421788+00:00,line_electrical_length,LINE:004132,1610L5158200,length_km,"{""length_km"": 8.36492137737629}","{""length_km"": 7.863047020603553}",PUBLIC_PDIRD_SECTION_TOTAL_LENGTH_PROPORTIONAL_ALLOCATION,https://www.e-redes.pt/sites/eredes/files/2022-07/PDIRD-E%202020%20proposta%20final.pdf,Normalize the modeled serial fragments to the published 10.14 km total for LN60 VILA NOVA CERVEIRA-VALENCA; retain each fragment's share of the mapped geometry.,EREDES:7819572:0:60,8.36492137737629,BUS:EREDES:1608S5006800:60,BUS:JUNCTION:60:02557,,
